Workbook

Sheet Reference Matrix
A1: Load Pattern | B1: Category | C1: Residential | D1: Commercial / Office | E1: Industrial / Warehouse | F1: High-rise Tower | G1: Parking Structure | H1: Basement / Podium
A2: Dead (D) | B2: Gravity | C2: Yes - self weight, auto by ETABS | D2: Yes - self weight, auto by ETABS | E2: Yes - self weight, auto by ETABS | F2: Yes - self weight, auto by ETABS | G2: Yes - self weight, auto by ETABS | H2: Yes - self weight, auto by ETABS
A3: Super Dead (SDL) | B3: Gravity | C3: Yes - finishes, MEP ~1.0-1.5 kN/m2 | D3: Yes - ceiling, MEP, raised floor | E3: Yes - roofing, light MEP | F3: Yes - finishes, MEP, facade | G3: Yes - waterproofing, light finishes | H3: Yes - finishes, MEP
A4: Live (L) | B4: Gravity | C4: Yes - ~1.9-2.0 kN/m2, balconies higher | D4: Yes - ~2.4 kN/m2, corridors higher | E4: Yes - 6-12 kN/m2 storage/racking | F4: Yes - per occupancy, floor by floor | G4: Yes - ~2.0 kN/m2, reducible per code | H4: Yes - per occupancy above
A5: Roof Live (LR) | B5: Gravity | C5: Yes - ~1.0 kN/m2 or per code | D5: Yes - plant/mechanical roof loads | E5: - | F5: Yes - mechanical penthouse, amenity roof | G5: - | H5: -
A6: Partition Load | B6: Gravity | C6: - | D6: Yes - ~1.0 kN/m2, often folded into SDL | E6: - | F6: Yes - demountable partitions | G6: - | H6: -
A7: Snow (S) | B7: Gravity | C7: If snow region - per ground snow load | D7: If snow region | E7: Yes - if applicable climate zone | F7: If snow region | G7: - | H7: -
A8: Crane Load | B8: Gravity | C8: - | D8: - | E8: Yes - vertical + lateral, if crane runway | F8: - | G8: - | H8: -
A9: Ramp / Vehicle Load | B9: Gravity | C9: - | D9: - | E9: - | F9: - | G9: Yes - include impact factor on ramps | H9: -
A10: Wind (WX) | B10: Lateral | C10: Yes - per ASCE 7 / local code | D10: Yes - check torsional case | E10: Yes - large exposed roof/wall areas | F10: Yes - dynamic/gust factor, wind tunnel often | G10: Yes - open structure, low shielding | H10: Yes - acts on superstructure above grade
A11: Wind (WY) | B11: Lateral | C11: Yes - per ASCE 7 / local code | D11: Yes - check torsional case | E11: Yes - large exposed roof/wall areas | F11: Yes - dynamic/gust factor, wind tunnel often | G11: Yes - open structure, low shielding | H11: Yes - acts on superstructure above grade
A12: Wind Torsion / Eccentric | B12: Lateral | C12: - | D12: Yes - eccentric wind case | E12: - | F12: Yes - required for irregular plan/tall towers | G12: - | H12: -
... A19: Surcharge Load | B19: Site-specific | C19: - | D19: - | E19: - | F19: - | G19: - | H19: Yes - adjacent traffic/construction

Sheet Dashboard
A1: ETABS Load Pattern Dashboard
A2: Select a building type to see required load patterns
A4: Building type: | B4: Residential
A6: Load Pattern | B6: Category | C6: Required? | D6: Typical value / note
A7: ='Reference Matrix'!A2 -> Dead (D) | B7: ='Reference Matrix'!B2 -> Gravity | C7: =IF(D7="-","No","Yes") -> Yes | D7: =INDEX('Reference Matrix'!$C$2:$H$2,1,MATCH($B$4,'Reference Matrix'!$C$1:$H$1,0)) -> Yes - self weight, auto by ETABS
A8: ='Reference Matrix'!A3 -> Super Dead (SDL) | B8: ='Reference Matrix'!B3 -> Gravity | C8: =IF(D8="-","No","Yes") -> Yes | D8: =INDEX('Reference Matrix'!$C$3:$H$3,1,MATCH($B$4,'Reference Matrix'!$C$1:$H$1,0)) -> Yes - finishes, MEP ~1.0-1.5 kN/m2
A9: ='Reference Matrix'!A4 -> Live (L) | B9: ='Reference Matrix'!B4 -> Gravity | C9: =IF(D9="-","No","Yes") -> Yes | D9: =INDEX('Reference Matrix'!$C$4:$H$4,1,MATCH($B$4,'Reference Matrix'!$C$1:$H$1,0)) -> Yes - ~1.9-2.0 kN/m2, balconies higher
A10: ='Reference Matrix'!A5 -> Roof Live (LR) | B10: ='Reference Matrix'!B5 -> Gravity | C10: =IF(D10="-","No","Yes") -> Yes | D10: =INDEX('Reference Matrix'!$C$5:$H$5,1,MATCH($B$4,'Reference Matrix'!$C$1:$H$1,0)) -> Yes - ~1.0 kN/m2 or per code
A11: ='Reference Matrix'!A6 -> Partition Load | B11: ='Reference Matrix'!B6 -> Gravity | C11: =IF(D11="-","No","Yes") -> No | D11: =INDEX('Reference Matrix'!$C$6:$H$6,1,MATCH($B$4,'Reference Matrix'!$C$1:$H$1,0)) -> -
A12: ='Reference Matrix'!A7 -> Snow (S) | B12: ='Reference Matrix'!B7 -> Gravity | C12: =IF(D12="-","No","Yes") -> Yes | D12: =INDEX('Reference Matrix'!$C$7:$H$7,1,MATCH($B$4,'Reference Matrix'!$C$1:$H$1,0)) -> If snow region - per ground snow load
A13: ='Reference Matrix'!A8 -> Crane Load | B13: ='Reference Matrix'!B8 -> Gravity | C13: =IF(D13="-","No","Yes") -> No | D13: =INDEX('Reference Matrix'!$C$8:$H$8,1,MATCH($B$4,'Reference Matrix'!$C$1:$H$1,0)) -> -
A14: ='Reference Matrix'!A9 -> Ramp / Vehicle Load | B14: ='Reference Matrix'!B9 -> Gravity | C14: =IF(D14="-","No","Yes") -> No | D14: =INDEX('Reference Matrix'!$C$9:$H$9,1,MATCH($B$4,'Reference Matrix'!$C$1:$H$1,0)) -> -
A15: ='Reference Matrix'!A10 -> Wind (WX) | B15: ='Reference Matrix'!B10 -> Lateral | C15: =IF(D15="-","No","Yes") -> Yes | D15: =INDEX('Reference Matrix'!$C$10:$H$10,1,MATCH($B$4,'Reference Matrix'!$C$1:$H$1,0)) -> Yes - per ASCE 7 / local code
A16: ='Reference Matrix'!A11 -> Wind (WY) | B16: ='Reference Matrix'!B11 -> Lateral | C16: =IF(D16="-","No","Yes") -> Yes | D16: =INDEX('Reference Matrix'!$C$11:$H$11,1,MATCH($B$4,'Reference Matrix'!$C$1:$H$1,0)) -> Yes - per ASCE 7 / local code
A17: ='Reference Matrix'!A12 -> Wind Torsion / Eccentric | B17: ='Reference Matrix'!B12 -> Lateral | C17: =IF(D17="-","No","Yes") -> No | D17: =INDEX('Reference Matrix'!$C$12:$H$12,1,MATCH($B$4,'Reference Matrix'!$C$1:$H$1,0)) -> -
A18: ='Reference Matrix'!A13 -> Seismic (EX) | B18: ='Reference Matrix'!B13 -> Lateral | C18: =IF(D18="-","No","Yes") -> Yes | D18: =INDEX('Reference Matrix'!$C$13:$H$13,1,MATCH($B$4,'Reference Matrix'!$C$1:$H$1,0)) -> Yes - static or RSA per zone
A19: ='Reference Matrix'!A14 -> Seismic (EY) | B19: ='Reference Matrix'!B14 -> Lateral | C19: =IF(D19="-","No","Yes") -> Yes | D19: =INDEX('Reference Matrix'!$C$14:$H$14,1,MATCH($B$4,'Reference Matrix'!$C$1:$H$1,0)) -> Yes - static or RSA per zone
A20: ='Reference Matrix'!A15 -> Notional Load | B20: ='Reference Matrix'!B15 -> Lateral | C20: =IF(D20="-","No","Yes") -> Yes | D20: =INDEX('Reference Matrix'!$C$15:$H$15,1,MATCH($B$4,'Reference Matrix'!$C$1:$H$1,0)) -> Yes - 0.2-0.5% of gravity load
A21: ='Reference Matrix'!A16 -> Temperature (T) | B21: ='Reference Matrix'!B16 -> Site-specific | C21: =IF(D21="-","No","Yes") -> No | D21: =INDEX('Reference Matrix'!$C$16:$H$16,1,MATCH($B$4,'Reference Matrix'!$C$1:$H$1,0)) -> -
A22: ='Reference Matrix'!A17 -> Lateral Earth Pressure | B22: ='Reference Matrix'!B17 -> Site-specific | C22: =IF(D22="-","No","Yes") -> No | D22: =INDEX('Reference Matrix'!$C$17:$H$17,1,MATCH($B$4,'Reference Matrix'!$C$1:$H$1,0)) -> -
A23: ='Reference Matrix'!A18 -> Hydrostatic Pressure | B23: ='Reference Matrix'!B18 -> Site-specific | C23: =IF(D23="-","No","Yes") -> No | D23: =INDEX('Reference Matrix'!$C$18:$H$18,1,MATCH($B$4,'Reference Matrix'!$C$1:$H$1,0)) -> -
A24: ='Reference Matrix'!A19 -> Surcharge Load | B24: ='Reference Matrix'!B19 -> Site-specific | C24: =IF(D24="-","No","Yes") -> No | D24: =INDEX('Reference Matrix'!$C$19:$H$19,1,MATCH($B$4,'Reference Matrix'!$C$1:$H$1,0)) -> -
A27: Category legend:
A28: Gravity
A29: Lateral
A30: Site-specific
A32: Values are typical starting points only - always confirm against the governing code (ASCE 7 / IS 875 / EN 1991 etc.) and project-specific geotechnical, wind, and seismic reports.
